{
    "number_of_answers_old": 41,
    "number_of_answers_new": 4,
    "all_concepts": [
        "destination",
        "floor",
        "current",
        "elevator"
    ],
    "joint_concepts": [
        "destination",
        "floor",
        "current",
        "elevator"
    ],
    "concepts_only_old": [],
    "concepts_only_new": [],
    "concepts_counters_old": {
        "destination": 32,
        "floor": 36,
        "current": 4,
        "elevator": 0
    },
    "concepts_counters_new": {
        "destination": 2,
        "floor": 3,
        "current": 1,
        "elevator": 1
    },
    "concepts_distribution_old": {
        "destination": {
            "dest": 6,
            "destination": 6,
            "requested": 4,
            "target": 4,
            "desired": 1,
            "new": 2,
            "designated": 1,
            "dst": 1,
            "selected": 1,
            "desirable": 1,
            "pressed": 1,
            "required": 1,
            "press": 2,
            "to_reach": 1
        },
        "floor": {
            "floor": 33,
            "level": 2,
            "pos": 1
        },
        "current": {
            "input": 2,
            "current": 1,
            "curr": 1
        },
        "elevator": {}
    },
    "concepts_distribution_new": {
        "destination": {
            "next": 2
        },
        "floor": {
            "floor": 3
        },
        "current": {
            "curr": 1
        },
        "elevator": {
            "elevator": 1
        }
    },
    "concpets_mean_old": 1.894736842105263,
    "concpets_mean_new": 1.75,
    "concpets_var_old": 0.09418282548476455,
    "concpets_var_new": 0.6875
}