{
    "number_of_answers_old": 49,
    "number_of_answers_new": 21,
    "all_concepts": [
        "current",
        "open",
        "door",
        "state",
        "close",
        "elevator"
    ],
    "joint_concepts": [
        "current",
        "open",
        "door",
        "state",
        "close",
        "elevator"
    ],
    "concepts_only_old": [],
    "concepts_only_new": [],
    "concepts_counters_old": {
        "state": 20,
        "door": 39,
        "elevator": 1,
        "current": 0,
        "open": 22,
        "close": 4
    },
    "concepts_counters_new": {
        "state": 15,
        "door": 18,
        "elevator": 2,
        "current": 0,
        "open": 5,
        "close": 0
    },
    "concepts_distribution_old": {
        "state": {
            "state": 13,
            "status": 7
        },
        "door": {
            "door": 39
        },
        "elevator": {
            "elevator": 1
        },
        "current": {},
        "open": {
            "open": 22
        },
        "close": {
            "close": 4
        }
    },
    "concepts_distribution_new": {
        "state": {
            "status": 4,
            "state": 11
        },
        "door": {
            "door": 18
        },
        "elevator": {
            "elevator": 2
        },
        "current": {},
        "open": {
            "open": 5
        },
        "close": {}
    },
    "concpets_mean_old": 1.7551020408163265,
    "concpets_mean_new": 2.0,
    "concpets_var_old": 0.22573927530195753,
    "concpets_var_new": 0.2
}