{
    "number_of_answers_old": 52,
    "number_of_answers_new": 11,
    "all_concepts": [
        "cell",
        "mines",
        "game",
        "state",
        "adjacent",
        "board",
        "danger",
        "number"
    ],
    "joint_concepts": [
        "cell",
        "game",
        "mines",
        "state",
        "board"
    ],
    "concepts_only_old": [
        "adjacent",
        "number",
        "danger"
    ],
    "concepts_only_new": [],
    "concepts_counters_old": {
        "mines": 23,
        "board": 33,
        "cell": 11,
        "state": 16,
        "number": 4,
        "game": 6,
        "danger": 1,
        "adjacent": 1
    },
    "concepts_counters_new": {
        "game": 2,
        "mines": 5,
        "board": 6,
        "cell": 3,
        "state": 4
    },
    "concepts_distribution_old": {
        "mines": {
            "mines": 10,
            "mine": 10,
            "bombs": 2,
            "bomb": 1
        },
        "board": {
            "sqaure": 1,
            "grid": 2,
            "matrix": 2,
            "board": 14,
            "mat": 1,
            "square": 3,
            "pannel": 1,
            "map": 3,
            "field": 3,
            "m": 1,
            "table": 1,
            "board_matrix": 1
        },
        "cell": {
            "slot": 1,
            "cell": 9,
            "coordinates": 1
        },
        "state": {
            "indicator": 1,
            "setting": 1,
            "state": 2,
            "info": 3,
            "config": 1,
            "is": 1,
            "properties": 1,
            "values": 2,
            "data": 2,
            "val": 1,
            "status": 1
        },
        "number": {
            "num": 2,
            "count": 1,
            "number": 1
        },
        "game": {
            "minesweeper": 1,
            "game": 5
        },
        "danger": {
            "danger": 1
        },
        "adjacent": {
            "adj": 1
        }
    },
    "concepts_distribution_new": {
        "game": {
            "game": 1,
            "shula": 1
        },
        "mines": {
            "mokesh": 1,
            "bomb": 1,
            "mine": 2,
            "mines": 1
        },
        "board": {
            "board": 3,
            "grid_box": 1,
            "map": 1,
            "table": 1
        },
        "cell": {
            "cube": 1,
            "square": 1,
            "cell": 1
        },
        "state": {
            "state": 1,
            "value": 1,
            "data": 1,
            "info": 1
        }
    },
    "concpets_mean_old": 1.8269230769230769,
    "concpets_mean_new": 1.8181818181818181,
    "concpets_var_old": 0.2969674556213018,
    "concpets_var_new": 0.1487603305785124
}