{
    "number_of_answers_old": 44,
    "number_of_answers_new": 13,
    "all_concepts": [
        "mines",
        "adjacent",
        "data",
        "game",
        "number",
        "board",
        "cell"
    ],
    "joint_concepts": [
        "mines",
        "adjacent",
        "data",
        "game",
        "board",
        "number"
    ],
    "concepts_only_old": [
        "cell"
    ],
    "concepts_only_new": [],
    "concepts_counters_old": {
        "game": 7,
        "board": 30,
        "data": 9,
        "mines": 19,
        "cell": 6,
        "number": 2,
        "adjacent": 2
    },
    "concepts_counters_new": {
        "game": 2,
        "board": 10,
        "data": 5,
        "mines": 5,
        "number": 2,
        "adjacent": 3
    },
    "concepts_distribution_old": {
        "game": {
            "game": 6,
            "minesweeper": 1
        },
        "board": {
            "square": 3,
            "board": 9,
            "grid": 9,
            "tile": 1,
            "map": 4,
            "array": 2,
            "mat": 1,
            "field_map": 1
        },
        "data": {
            "data": 3,
            "info": 1,
            "value": 2,
            "val": 1,
            "status": 1,
            "teller": 1
        },
        "mines": {
            "mine": 7,
            "mines": 12
        },
        "cell": {
            "cell": 5,
            "slot": 1
        },
        "number": {
            "number": 1,
            "num": 1
        },
        "adjacent": {
            "adjacent": 2
        }
    },
    "concepts_distribution_new": {
        "game": {
            "game": 2
        },
        "board": {
            "squares": 2,
            "board": 6,
            "grid": 2
        },
        "data": {
            "description": 1,
            "params": 1,
            "content": 1,
            "data": 2
        },
        "mines": {
            "mines": 4,
            "mine": 1
        },
        "number": {
            "num": 1,
            "number": 1
        },
        "adjacent": {
            "adjacent": 2,
            "adj": 1
        }
    }
}