{
    "number_of_answers_old": 27,
    "number_of_answers_new": 7,
    "all_concepts": [
        "location",
        "target",
        "current",
        "cheese"
    ],
    "joint_concepts": [
        "location",
        "cheese",
        "target",
        "current"
    ],
    "concepts_only_old": [],
    "concepts_only_new": [],
    "concepts_counters_old": {
        "location": 25,
        "cheese": 19,
        "target": 4,
        "current": 10
    },
    "concepts_counters_new": {
        "cheese": 6,
        "location": 6,
        "current": 4,
        "target": 1
    },
    "concepts_distribution_old": {
        "location": {
            "loc": 21,
            "pos": 2,
            "place": 1,
            "room": 1
        },
        "cheese": {
            "cheese": 19
        },
        "target": {
            "objective": 1,
            "target": 3
        },
        "current": {
            "today": 1,
            "cur": 8,
            "daily": 1
        }
    },
    "concepts_distribution_new": {
        "cheese": {
            "cheese": 5,
            "chees": 1
        },
        "location": {
            "location": 6
        },
        "current": {
            "cur": 2,
            "temp": 1,
            "dayly": 1
        },
        "target": {
            "target": 1
        }
    },
    "concpets_mean_old": 2.1481481481481484,
    "concpets_mean_new": 2.4285714285714284,
    "concpets_var_old": 0.2002743484224966,
    "concpets_var_new": 0.24489795918367344
}