{
    "number_of_answers_old": 29,
    "number_of_answers_new": 11,
    "all_concepts": [
        "current",
        "game",
        "state",
        "board"
    ],
    "joint_concepts": [
        "state",
        "board",
        "game",
        "current"
    ],
    "concepts_only_old": [],
    "concepts_only_new": [],
    "concepts_counters_old": {
        "board": 26,
        "state": 8,
        "current": 6,
        "game": 1
    },
    "concepts_counters_new": {
        "board": 10,
        "state": 4,
        "current": 2,
        "game": 5
    },
    "concepts_distribution_old": {
        "board": {
            "board": 24,
            "dimensional array": 1,
            "list": 1
        },
        "state": {
            "state": 6,
            "status": 2
        },
        "current": {
            "curr": 2,
            "current": 4
        },
        "game": {
            "xo": 1
        }
    },
    "concepts_distribution_new": {
        "board": {
            "table": 1,
            "board": 9
        },
        "state": {
            "state": 2,
            "status": 2
        },
        "current": {
            "current": 2
        },
        "game": {
            "game": 4,
            "tictactoe": 1
        }
    },
    "concpets_mean_old": 1.4137931034482758,
    "concpets_mean_new": 1.9090909090909092,
    "concpets_var_old": 0.38049940546967903,
    "concpets_var_new": 0.6280991735537189
}