{
    "number_of_answers_old": 44,
    "number_of_answers_new": 10,
    "all_concepts": [
        "file",
        "size",
        "byte",
        "field"
    ],
    "joint_concepts": [
        "file",
        "size"
    ],
    "concepts_only_old": [
        "byte",
        "field"
    ],
    "concepts_only_new": [],
    "concepts_counters_old": {
        "size": 44,
        "file": 20,
        "byte": 2,
        "field": 1
    },
    "concepts_counters_new": {
        "size": 10,
        "file": 5
    },
    "concepts_distribution_old": {
        "size": {
            "size": 43,
            "length": 1
        },
        "file": {
            "file": 18,
            "f": 2
        },
        "byte": {
            "byte": 2
        },
        "field": {
            "field": 1
        }
    },
    "concepts_distribution_new": {
        "size": {
            "size": 10
        },
        "file": {
            "file": 5
        }
    }
}